Pizza,Pec
Sushi,Rýže
Svíčková,Brusinky
Hamburger,Bulka
Palačinky,Pánev
Špagety,Vidlička
Guláš,Cibule
Kebab,Rotačka
Řízek,Strouhanka
Bramborák,Česnek
Tacos,Placka
Lasagne,Bešamel
Hotdog,Hořčice
Rizoto,Vinařství
Svátostka,Cukr
Tortilla,Zavinutí
Burrito,Fazole
Paella,Šafrán
Ratatouille,Zelenina
Musaka,Lilek
Hummus,Cizrna
Falafel,Kuličky
Kuskus,Krupice
Ramen,Vajíčko
Peking kachna,Kůrka
Kari,Koření
Pad Thai,Arašídy
Tom Yum,Krevety
Kimchi,Kvašení
Bibimbap,Mísa
Biryani,Rýže
Miso polévka,Pasta
Tofu,Sója
Tempura,Těstíčko
Gnocchi,Brambor
Ravioli,Náplň
Pesto,Bazalka
Bruschetta,Rajče
Carbonara,Slanina
Tiramisu,Mascarpone
Panna Cotta,Smetana
Gelato,Kornout
Cannoli,Trubička
Profiterolky,Krém
Makronky,Mandle
Croissant,Máslo
Brioška,Snídaně
Bagueta,Křupavost
Quiche,Vejce
Bouillabaisse,Moře
Crème Brûlée,Karamel
Fondue,Sýr
Raclette,Škrabka
Rösti,Brambory
Wiener Schnitzel,Telecí
Gulaschsuppe,Paprika
Preclík,Sůl
Štrúdl,Jablka
Sacher dort,Čokoláda
Bratwurst,Gril
Kysané zelí,Sud
Knedlík,Omáčka
Halušky,Brynza
Pirohy,Tvaroh
Boršč,Řepa
Pelmeně,Maso
Bliny,Kaviár
Vareniky,Náplň
Šašlik,Jehla
Baklava,Ořechy
Lokum,Želatina
Halva,Sezam
Donut,Díra
Muffin,Papírek
Brownie,Čokoláda
Cheesecake,Sýr
Pancakes,Sirup
Waffle,Mřížka
Chilli con carne,Pálivost
Nachos,Chipsy
Guacamole,Avokádo
Quesadilla,Sýr
Enchiladas,Omáčka
Ceviche,Citron
Feijoada,Maso
Churros,Skořice
Empanadas,Kapsa
Steak,Média
Žebírka,Kost
Klobása,Udírna
Paštika,Játra
Kaviár,Ryba
Humr,Klepeto
Krevety,Ocas
Ústřice,Citron
Slávky,Voda
Kalamáry,Kroužky
Chobotnice,Chapadlo
Losos,Růžová
Tuňák,Konzerva
Kapr,Vánoce
Pstruh,Máslo
Treska,Smažení
Sardinky,Olej
Makrela,Uzení
Sýr,Mléko
Eidam,Plátek
Hermelín,Plíseň
Niva,Modrá
Niva,Sůl
Mozzarella,Kulička
Parmigiano,Strouhání
Cheddar,Oranžová
Feta,Balkán
Roquefort,Jeskyně
Camembert,Bílá
Brie,Měkkost
Gouda,Kolo
Ementál,Díry
Tvaroh,Buchty
Jogurt,Bakterie
Smetana,Omáčka
Máslo,Chléb
Vejce,Skořápka
Omeleta,Ráno
Míchaná vejce,Pánev
Vejce Benedikt,Holandská
Hemenex,Slanina
Chléb,Kůrka
Rohlík,Svačina
Veka,Chlebíček
Loupák,Mák
Bagel,Kruh
Toast,Toustovač
Rýže,Pade
Těstoviny,Itálie
Kuskus,Pánev
Brambory,Hlína
Hranolky,Fritéza
Kaše,Mléko
Knedlíky,Pára
Čočka,Nový rok
Hrách,Polévka
Fazole,Kovboj
Cizrna,Hummus
Quinoa,Zdraví
Bulgur,Pšenice
Pohanka,Kaše
Ovesná kaše,Vločky
Müsli,Ořechy
Ořechy,Skořápka
Mandle,Marzipán
Lískové ořechy,Lískáč
Vlašské ořechy,Mozek
Pistácie,Zelená
Kešu,Tvar
Arašídy,Máslo
Kokos,Palma
Jablko,Strom
Hruška,Tvar
Banán,Slupka
Pomeranč,Šťáva
Mandarinka,Vánoce
Citron,Kyselost
Limetka,Mojito
Grapefruit,Hořkost
Ananas,Ostny
Jahody,Šlehačka
Maliny,Les
Borůvky,Modrá
Ostružiny,Trny
Rybíz,Kuličky
Angrešt,Bodlinky
Třešně,Uši
Višně,Kyselo
Švestky,Povidla
Meruňky,Pecka
Broskve,Samet
Nektarinky,Hladkost
Hroznové víno,Réva
Meloun,Voda
Kiwi,Chloupky
Mango,Exotika
Papája,Semínka
Granátové jablko,Zrnka
Fíky,Sladkost
Datle,Poušť
Rajče,Kečup
Okurka,Salát
Paprika,Lusknutí
Cibule,Pláč
Česnek,Upír
Pórek,Bílá
Mrkev,Králík
Celer,Kořen
Petržel,Nať
Brambora,Lilek
Kukuřice,Klas
Hrášek,Lusk
Špenát,Pepek
Zelí,Hlávka
Květák,Mozeček
Brokolice,Stromeček
Kapusta,Růžička
Lilek,Fialová
Cuketa,Zahrada
Dýně,Halloween
Řepa,Barva
Ředkvička,Pálivost
Kedlubna,Loupání
Salát,Listy
Rukola,Pálivost
Špenát,Železo
Houby,Les
Žampiony,Pizza
Hřiby,Smaženice
Lišky,Žlutá
Lanýže,Prase
Mák,Buchty
Sezam,Houska
Slunečnice,Semínka
Marmeláda,Ovoce
Džem,Kousky
Med,Včela
Nutella,Lískat
Hořčice,Párek
Kečup,Rajčata
Tatarka,Smažák
Majonéza,Salát
Olej,Smažení
Ocet,Kyselost
Sůl,Krystaly
Pepř,Mlýnek
Cukr,Kostka
Mouka,Pytel
Droždí,Kynutí
Káva,Zrnko
Čaj,Lístek
Čokoláda,Tabulka
Bonbon,Obal
Lízátko,Tyčka
Zmrzlina,Kopeček
Dort,Oslava
Zákusek,Cukrárna
Perník,Srdce
Vánočka,Pletení
Mazanec,Velikonoce
Kobliha,Kobliha
Větrník,Karamel
Laskonka,Sníh
Krémeš,Listování
Kandované ovoce,Barvy
Žužu,Měkkost
Lékořice,Černá
Marcipán,Mandle
Fondán,Potah
Karneval,Maska
Guláš,Kotlík
Polévka,Talíř
Hlavní chod,Vidlička
Předkrm,Chuťovka
Dezert,Lžička
Svačina,Box
Snídaně,Ráno
Oběd,Poledne
Večeře,Večer
Hostina,Stůl
Piknik,Deka
Grilování,Uhlí
Pečení,Trouba
Vaření,Hrnec
Smažení,Pánev
Dušení,Poklička
Konzervování,Plech
Sušení,Slunce
Mražení,Led
Kvašení,Sud
Uzení,Kouř
Koření,Chuť
Paprika,Červená
Kmín,Chleba
Majoránka,Bramborák
Bazalka,Itálie
Oregano,Pizza
Tymián,Bylinka
Rozmarýn,Jehličí
Šalvěj,Čaj
Máta,Mojito
Meduňka,Klid
Koriandr,Mýdlo
Kurkuma,Žlutá
Zázvor,Pálivost
Skořice,Štrúdl
Hřebíček,Svařák
Badyán,Hvězda
Kardamom,Káva
Vanilka,Lusk
Muškátový oříšek,Strouhání
Bobkový list,Omáčka
Nové koření,Kulička
Pálivá paprika,Chilli
Kari,Indie
Pepř,Černá
Hořčice,Semínko
Křen,Slzy
Ocet,Kyselo
Sůl,Zlato
Olivový olej,Oliva
Máslo,Tuk
Sádlo,Škvarky
Voda,Žízeň
Pivo,Pěna
Víno,Hrozen
Limonáda,Bubliny
Džus,Ovoce
Mléko,Kráva
Káva,Espresso
Čaj,Konvička
Šampaňské,Oslava
Slivovice,Trnka
Rum,Loď
Whisky,Led
Gin,Tonic
Vodka,Rusko
Tequila,Mexiko
Likér,Sladkost
Punč,Zima
Svařák,Vánoce
Grog,Pára
Sirup,Voda
Soda,Siphon
Mošt,Jablka
Kefír,Kyselo
Syrovátka,Zdraví
Kakao,Hrnek
Horká čokoláda,Hustota
Koktejl,Brčko
Smoothie,Mixér
Párty,Lidi
Restaurace,Menu
Kavárna,Vůně
Cukrárna,Sladko
Pivnice,Půllitr
Vinotéka,Korek
Fastfood,Rychlost
Bistro,Lehkost
Bufet,Tác
Jídelna,Škola
Kuchyně,Vařečka
Spižírna,Police
Lednice,Chlad
Mrazák,Mráz
Trouba,Horko
Mikrovlnka,Pípnutí
Varná konvice,Voda
Toustovač,Chleba
Mixér,Otáčky
Šlehač,Sníh
Pánev,Olej
Hrnec,Voda
Pekáč,Maso
Plech,Cukroví
Nůž,Ostří
Vidlička,Hrot
Lžíce,Polévka
Lžička,Káva
Talíř,Jídlo
Miska,Cereálie
Hrnek,Ucho
Sklenice,Voda
Váha,Gram
Odměrka,Mililitr
Cedník,Dirky
Strouhadlo,Prsty
Vařečka,Míchání
Otvírák,Korek
Korkovník,Láhev
Prkýnko,Dřevo
Zástěra,Skvrna
Utěrka,Nádobí
Houbička,Mytí
Dřez,Voda
Myčka,Tabletka
Koš,Zbytky
Kompost,Půda
Zahrada,Zelenina
Pole,Obilí
Farma,Zvířata
Trh,Stánek
Obchod,Vozík
Supermarket,Regál
Pekařství,Vůně
Řeznictví,Maso
Zelinářství,Barvy
Rybičky,Voda
Sůl,Kamna
Cukr,Sladkost
Mouka,Pečení
Vejce,Slepice
Mléko,Lednice
Sýr,Krajíc
Šunka,Svačina
Salám,Kolečko
Párek,Hořčice
Máslo,Nůž
Džem,Lžička
Pastika,Chleba
Sardinky,Plechovka
Tuňák,Majonéza
Kukuřice,Salát
Hrach,Kaše
Čočka,Kyselost
Rýže,Příloha
Těstoviny,Omáčka
Brambory,Pec
Knedlík,Zelí
Zelí,Mísa
Okurka,Kyseláč
Rajče,Krájení
Paprika,Barvy
Cibule,Smažení
Česnek,Zdraví
Mrkev,Vitamín
Celer,Salát
Petržel,Polévka
Kedlubna,Svačina
Jablko,Svačina
Hruška,Sladkost
Banán,Oloupat
Pomeranč,Kůra
Citron,Čaj
Jahoda,Zahrada
Malina,Keř
Borůvka,Les
Třešeň,Kluk
Švestka,Koláč
Hrozny,Sklizeň
Ořech,Louskáček
Mák,Nádivka
Voda,Láhev
Limonáda,Brčko
Džus,Sklenička
Pivo,Hospoda
Víno,Sklenka
Slivovice,Panák
Káva,Šálek
Čaj,Sáček
Čokoláda,Radost
Sušenka,Káva
Bonbon,Pusa
Lízátko,Děti
Zmrzlina,Léto
Dort,Svíčky
Koláč,Babička
Buchta,Pekáč
Kobliha,Cukr
Brioška,Snídaně
Croissant,Francie
Bagueta,Paříž
Pizza,Itálie
Tacos,Mexiko
Sushi,Japonsko
Kebab,Turecko
Hamburger,Amerika
Svíčková,Knedlík
Guláš,Chleba
Řízek,Brambor
Smažák,Tatarka
Rizoto,Sýr
Paella,Mořské plody
Kuskus,Zelenina
Hummus,Placka
Falafel,Cizrna
Boršč,Smetana
Pho,Hůlky
Ramen,Nudle
Kari,Rýže
Muffin,Košíček
Brownie,Plech
Donut,Poleva
Cheesecake,Korpus
Tiramisu,Piškot
Palačinka,Džem
Wafle,Šlehačka
Toast,Máslo
Rohlík,Máslo
Chleba,Sádlo
Bramborák,Majoránka
Langoš,Česnek
Párek v rohlíku,Hořčice
Bageta,Svačina
Sandwich,Trojúhelník
Salát,Zdraví
Polévka,Hrnec
Omáčka,Knedlík
Maso,Nůž
Ryba,Kost
Zelenina,Zahrada
Ovoce,Strom
Sladkosti,Mlsej
Koření,Chuť
Nápoj,Žízeň
Jídlo,Život
Chuť,Jazyk
Vůně,Nos
Hlad,Břicho
Sytost,Spokojenost
Dieta,Vůle
Vegetarian,Bezmasa
Vegan,Rostlina
Bezlepek,Pšenice
Bio,Příroda
Farmář,Láska
Kuchař,Čepice
Číšník,Tác
Host,Rezervace
Účet,Peníze
Spropitné,Děkování
Kuchyně,Chaos
Recept,Kuchařka
Ingredience,Nákup
Nákupní seznam,Papír
Vozík,Kolečka
Pokladna,Fronta
Taška,Nákup
Lednice,Zima
Trouba,Teplo
Hrnec,Pára
Pánev,Prskání
Vařečka,Míchání
Nůž,Krájení
Vidlička,Napíchnutí
Lžíce,Nabírání
Talíř,Servírování
Sklenička,Přípitek
Hodování,Přátelé
Dobrou chuť,Přání
