Taylor Swift,Zpěvačka
Billie Eilish,Zelená
Ariana Grande,Vrků
Justin Bieber,Baby
Drake,Rap
Travis Scott,Astroworld
Harry Styles,One Direction
Dua Lipa,Levitating
Olivia Rodrigo,Řidičák
Doja Cat,Say So
Kanye West,Yeezy
Rihanna,Deštník
Beyoncé,Královna
Ed Sheeran,Zrzek
Post Malone,Tetování
The Weeknd,Blinding Lights
Lana Del Rey,Summertime
Adele,Hello
Lil Nas X,Old Town Road
Ice Spice,Munch
Nicki Minaj,Barbie
Cardi B,WAP
Tyler The Creator,Golf
BTS,K-Pop
Eminem,Slim Shady
Miley Cyrus,Flowers
Selena Gomez,Disney
Bad Bunny,Portoriko
Shakira,Waka
Lady Gaga,Poker Face
Katy Perry,Roar
Bruno Mars,Uptown
Shawn Mendes,Stitches
Camila Cabello,Havana
Lil Peep,Emo
Juice WRLD,Lucid Dreams
Sabrina Carpenter,kafe
Tom Holland,Spider-Man
Zendaya,Euphoria
Timothée Chalamet,Duna
Jenna Ortega,Wednesday
Scarlett Johansson,Black Widow
Margot Robbie,Barbie
Ryan Reynolds,Deadpool
Sydney Sweeney,Euphoria
Cillian Murphy,Oppenheimer
Pedro Pascal,Last of Us
Emma Watson,Hermiona
Daniel Radcliffe,Harry
Benedict Cumberbatch,Sherlock
Johnny Depp,Pirát
Leonardo DiCaprio,Titanic
Brad Pitt,Klub rváčů
The Rock,Svaly
Kevin Hart,Komik
Jason Momoa,Aquaman
Vin Diesel,Rychle a zběsile
Tom Cruise,Mise
Keanu Reeves,John Wick
Adam Sandler,Komik
MrBeast,Peníze
Addison Rae,TikTok
Khaby Lame,Ruce
Logan Paul,Box
Jake Paul,Box
PewDiePie,YouTube
Ninja,Fortnite
Pokimane,Twitch
Kai Cenat,Twitch
IShowSpeed,Ronaldo
KSI,Prime
Dream,Maska
Andrew Tate,Bugatti
Messi,Barcelona
Ronaldo,Portugal
Neymar,Brazílie
Mbappé,Ninja želva
Haaland,Norsko
LeBron James,Basket
Michael Jordan,Air
Mike Tyson,Box
Lewis Hamilton,F1
Max Verstappen,Red Bull
Usain Bolt,Blesk
Ester Ledecká,Snowboard
Jaromír Jágr,68
Petr Čech,Helma
Karlos Vémola,Terminátor
Kazma,Onemanshow
Mikýř,cesta vesmírem
Kovy,YouTube
Anna Šulcová,Influencer
Leoš Mareš,Kožich
Ben Cristovao,Zpěvák
Viktor Sheen,Rap
Yzomandias,Milion Plus
Nik Tendo,Rap
Ewa Farna,Zpěvačka
Marek Ztracený,Zpěvák
Karel Gott,Slavík
Petr Fiala,Premiér
Andrej Babiš,Čau lidi
Petr Pavel,Prezident
Tary,Parkour
Stejk,YouTube
Jirka Král,Legenda
FattyPillow,Twitch
Robert Záruba,Hokej
Elon Musk,Tesla
Mark Zuckerberg,Facebook
Jeff Bezos,Amazon
Bill Gates,Microsoft
Steve Jobs,Apple
Donald Trump,Vlasy
Joe Biden,USA
Barack Obama,USA
Kim Kardashian,Zadek
Gordon Ramsay,Kuchyně
Pope Francis,Vatikán
Greta Thunberg,Klima
Albert Einstein,Relativita
Adolf Hitler,Knír
Leonardo da Vinci,Mona Lisa
William Shakespeare,Romeo
Abraham Lincoln,Klobouk
Napoleon,Francie
Julius Caesar,Řím
Cleopatra,Egypt
Jesus,Kříž
Buddha,Socha
Martin Luther King,Sen
Princess Diana,Láska
Queen Elizabeth II,Kabelka
Nirvana,Cobain
Queen,Mercury
Michael Jackson,Moonwalk
Elvis Presley,Král
Bob Marley,Reggae
Britney Spears,Toxická
Justin Timberlake,Sexy
Pitbull,Mr World
Zayn,1D
ABBA,Mamma Mia
Twenty One Pilots,Bubny
Imagine Dragons,Drak
Coldplay,Žlutá
Arctic Monkeys,Opice
The Neighbourhood,Svetr
Tom Hardy,Venom
Tim Burton,Režisér
Christopher Nolan,Režisér
Steven Spielberg,Režisér
Quentin Tarantino,Krev
George Lucas,Vesmír
Stan Lee,Marvel
Marek Eben,StarDance
Daniel Stach,Věda
Karel Schwarzenberg,Dýmečka
Václav Havel,Prezident
Jan Werich,Moudrost
Vlasta Burian,Král komiků
Milan Hejduk,Hokej
Patrik Eliáš,Hokej
Tomáš Hertl,Hokej
David Pastrňák,Pasta
Jakub Voráček,Voras
Radko Gudas,Vousy
Pavel Nedvěd,Zlatý míč
Tomáš Rosický,Rosa
Milan Baroš,Euro