Lev,Savana
Slon,Kly
Tygr,Pruhy
Vlk,Smečka
Medvěd,Brtník
Liška,Fikanost
Zajíc,Pelášení
Jelen,Parohy
Srnec,Kopýtko
Prase divoké,Štětiny
Jezevec,Nora
Veverka,Oříšek
Kun,Hříva
Osel,Ušák
Kráva,Pastva
Ovce,Vlna
Koza,Rohy
Slepice,Kurník
Kohout,Kokrhání
Kachna,Rybník
Husa,Peří
Krocan,Hudrování
Králík,Jetel
Pes,Bouda
Kočka,Předení
Myš,Sýr
Potkan,Kanál
Křeček,Tváře
Morče,Pískání
Papoušek,Klece
Andulka,Zrcátko
Kanár,Zpěv
Had,Svlékání
Ještěrka,Ocas
Želva,Pancíř
Žába,Kuňkání
Čáp,Hnízdo
Vlaštovka,Jaro
Vrabec,Středa
Sýkora,Lůj
Kos,Zobák
Datel,Klepání
Sova,Houkání
Orel,Výšiny
Jestřáb,Spár
Káně,Kroužení
Vrabec,Dlaždice
Labuť,Elegance
Čáp,Komín
Volavka,Rákosí
Ryba,Šupina
Kapr,Vánoce
Štika,Dravost
Pstruh,Potok
Sumec,Vousy
Úhoř,Elektřina
Žralok,Ploutev
Velryba,Výstřik
Delfín,Skok
Lachtan,Cirkus
Lední medvěd,Arktida
Tučňák,Antarktida
Sob,Sáně
Los,Sever
Bobr,Hráz
Vydra,Voda
Vydra,Skluzavka
Onatra,Nora
Sysel,Nora
Krtek,Hromádka
Netopýr,Jeskyně
Ježek,Bodliny
Rejsek,Hmyz
Stepník,Krkonoše
Klokan,Vak
Koala,Eukalyptus
Panda,Bambus
Opice,Banan
Gorila,Tlupa
Šimpanz,Nástroj
Orangutan,Srst
Lidoop,Uživatel
Lemur,Madagaskar
Lenochod,Pomalost
Mravenečník,Jazyk
Pásovec,Krunýř
Hroch,Bahno
Nosorožec,Roh
Zebra,Pruhy
Žirafa,Krk
Gazela,Rychlost
Antilopa,Step
Velbloud,Hrb
Lama,Plivání
Slon,Chobot
Hroch,Voda
Krokodýl,Nil
Aligátor,Bažina
Leguán,Ocas
Chameleon,Barva
Varan,Ostrovy
Gekon,Stěna
Salamandr,Oheň
Mlok,Skvrna
Čolek,Voda
Ropucha,Bradavice
Skokan,Skok
Stromocid,Prales
Rosnička,Počasí
Pavouk,Sítě
Křižák,Kříž
Sklípkan,Chlupy
Sekáč,Nohy
Štír,Jed
Včela,Med
Čmelák,Bzukot
Vosa,Žihadlo
Sršeň,Hukot
Mravenec,Mraveniště
Termit,Dřevo
Moucha,Bzukot
Komár,Bodec
Včela,Úl
Vážka,Tůň
Motýl,Křídla
Můra,Světlo
Brouk,Krovky
Chroust,Strom
Mandelinka,Brambor
Beruška,Tečky
Roháč,Parohy
Světluška,Noc
Vlček,Smečka
Hyena,Smích
Šakal,Poušť
Kajman,Amazonie
Piraňa,Zuby
Rejnok,Plochost
Medúza,Žahadlo
Hvězdice,Moře
Chobotnice,Tykladla
Sépie,Inkoust
Humr,Klepeto
Rak,Potok
Krab,Písek
Kreveta,Koktejl
Ústřice,Perla
Perlorodka,Dno
Hlemýžď,Domeček
Slimák,Sliz
Šnek,Zahrada
Žížala,Hlína
Pijavice,Krev
Tasemnice,Střevo
Blecha,Skok
Štěnice,Postel
Mandelinka,List
Saranče,Roj
Kobylka,Lučina
Cvrček,Housle
Škvor,Nůžky
Rus,Šváb
Včelojed,Pták
Kukačka,Vejce
Bažant,Polní
Koroptev,Meze
Páv,Ocas
Krocan,Farma
Křepelka,Vejce
Holub,Město
Hrdlička,Láska
Datel,Kůra
Strakapoud,Pruhy
Sýček,Osud
Výr,Uši
Pustík,Les
Poštolka,Třepotání
Káně,Myši
Krkavec,Havran
Vrána,Pole
Straka,ZlodějKA
Sojka,Pírko
Kavka,Věž
Rehek,Zahrada
Zrzek,Veverka
Plšík,Líska
Norek,Kožich
Tchoř,Zápach
Lasice,Hbitost
Vlkodlak,Mýtus
Jednorožec,Roh
Fénix,Popel
Drak,Oheň
Kentaur,Kůň
Pegas,Křídla
Sfinga,Hádanka
Gryf,Lev
Siréna,Zpěv
Nymfa,Les
Vodník,Dušičky
Bludička,Světlo
Rusalka,Voda
Polednice,Oběd
Klekánice,Večer
Můra,Sen
Upír,Krev
Zombie,Mozek
Mamut,Kly
Dinosaurus,Pravěk
Pterodaktyl,Let
Mastodont,Kel
Trilobit,Otisk
Ammonit,Schránka
Archaeopteryx,Peří
T-Rex,Zuby
Stegosaurus,Pláty
Triceratops,Rohy
Diplodokus,Délka
Brachiosaurus,Výška
Iguanodon,Palec
Velociraptor,Rychlost
Plesiosaurus,Krk
Ichthyosaurus,Ryba
Pravěk,Dávno
Amoeba,Buňka
Vírník,Voda
Nezmar,Hydra
Korál,Útes
Sasanka,Jed
Mlok,Skvrny
Kuře,Žlutá
Kotě,Hra
Štěně,Věrnost
Hříbě,Cval
Tele,Mléko
Jehně,Bílá
Kůzle,Skok
Sele,Chrochtání
Veverka,Pírka
Vlk,Měsíc
Orel,Skály
Velryba,Píseň
Mravenec,Kusadlo
Včela,Květ
Levhart,Skvrna
Gepard,Sprint
Jaguar,Prales
Puma,Hory
Rys,Štětinky
Divoká kočka,Les
Serval,Uši
Ocelot,Vzor
Panter,Stín
Sněžný levhart,Sníh
Horský lev,Skála
Buvola,Rohy
Antilopa,Běh
Zubr,Evropa
Pratur,Historie
Mamut,Kly
Nosorožec,Roh
Hroch,Bahno
Slon,Sluch
Lama,Hory
Velbloud,Poušť
Sob,Paroh
Los,Hvozd
Srnec,Srna
Jelen,Říje
Danielek,Skvrny
Muflon,Rohy
Kamzík,Skály
Kozorožec,Alpy
Ovce,Pastvina
Koza,Mléko
Kráva,Paseka
Býk,Aréna
Vůl,Práce
Osel,Uši
Mezek,Náklad
Mula,Kříženec
Kůň,Podkova
Poník,Děti
Zebra,Pruhy
Velbloud,Hrb
Žirafa,Krk
Okapi,Nohy
Hroch,Voda
Prase,Rypák
Bydlo,Voda
Vydra,Kožich
Bobr,Hráz
Krysa,Poddruží
Myš,Dům
Potkan,Ulice
Křeček,Zásobník
Pískomil,Písek
Morče,Kvičení
Králík,Srst
Zajíc,Pole
Veverka,Strom
Sysel,Louka
Krtek,Hlína
Ježek,Bodlina
Netopýr,Noc
Létavka,Ondatra
Plejtvák,Voda
Velryba,Moře
Delfín,Inteligence
Kosatka,Černobílá
Vorvaň,Hloubka
Narval,Roh
Běluha,Bílá
Mrož,Kly
Lachtan,Ploutve
Tuleň,Led
Lední medvěd,Srst
Grizzly,Hory
Kodiak,Vejce
Baribal,Černá
Panda,Bambus
Panda červená,Ocas
Mýval,Maska
Nosál,Rypáček
Skunk,Zápach
Vydra,Voda
Lasice,Bílá
Tchoř,Tma
Jezevec,Nora
Vlk,Smečka
Šakal,Afrika
Kojot,Prérie
Ding,Austrálie
Liška,Ohon
Polární liška,Sníh
Fenek,Uši
Pes,Přítel
Hyena,Smích
Lev,Hříva
Tygr,Prales
Levhart,Skvrny
Jaguar,Voda
Gepard,Rychlost
Puma,Skok
Rys,Uši
Serval,Nohy
Karakal,Skok
Ocelot,Vzor
Kočka,Lov
Opice,Ocas
Šimpanz,Učení
Gorila,Síla
Orangutan,Rezavá
Gibon,Zpěv
Lemur,Ocas
Nártoun,Oko
Pavián,Tvář
Makak,Sníh
Tamarín,Vousy
Vřešťan,Hlas
Chápan,Ruce
Lenochod,Strom
Mravenečník,Jazyk
Pásovec,Pancíř
Ptakopysk,Zobák
Ježura,Bodliny
Klokan,Skok
Koala,Spánek
Vombat,Nora
Vakoveverka,Blána
Vakovlk,Vymřelý
Kuskus,Ocas
Kunovec,Skvrny
Vačice,Hra
Emu,Běh
Kasuár,Přilba
Nandu,Step
Pštros,Písek
Kivi,Noční
Tučňák,Frak
Albatros,Rozpětí
Buřňák,Bouře
Pelikán,Vak
Kormorán,Potápění
Volavka,Nohy
Čáp,Hnízdo
Ibis,Zobák
Plameňák,Růžová
Kachna,Zobák
Husa,Gágání
Labuť,Krk
Orel,Zrak
Jestřáb,Lov
Sokol,Rychlost
Káně,Kroužení
Sup,Kroužení
Kondor,Andy
Výr,Uši
Sova,Tma
Kulíšek,Les
Kukačka,Hnízdo
Papoušek,Slovo
Ara,Barvy
Kakadu,Chocholka
Andulka,Zrcátko
Kolibřík,Květ
Ledňáček,Voda
Vlha,Hmyz
Mandelík,Modrá
Dudek,Chocholka
Datel,Kůra
Strakapoud,Bílá
Tukan,Zobák
Vlaštovka,Hnízdo
Jiřička,Bláto
Vrabec,Město
Sýkora,Zahrada
Kos,Zpěv
Drozd,Zpěv
Červenka,Prsa
Slavík,Zpěv
Pěnice,Křoví
Budníček,Les
Pěnkava,Zahrada
Stehlík,Barvy
Čížek,Žlutá
Hýl,Červená
Špaček,Hejno
Žluva,Žlutá
Vrána,Černá
Havran,Hejno
Krkavec,Inteligent
Straka,Zrcadlo
Sojka,Pírko
Kavka,Věž
Rejnok,Plochost
Žralok,Čelist
Mořský koník,Ocas
Úhoř,Sliz
Cejn,Vysoký
Plotice,Červená
Ouklej,Stříbro
Pstruh,Tečky
Štika,Zuby
Candát,Písek
Okoun,Pruhy
Sumec,Voda
Kapr,Stůl
Karas,Odolnost
Amur,Bylinožravý
Ceň,Voda
Mihule,Kruh
Ostroun,Trn
Sumeček,Amerika
Střevle,Čistota
Podoustev,Nos
Oliheň,Ramena
Sépie,Barva
Chobotnice,Kalamár
Zavináč,Mušle
Homolice,Jed
Kotvič,Voda
Velekrab,Vele
Langusta,Tykadlo
Kreveta,Plavání
Vilejš,Skála
Svijonožec,Loď
Beruška,Sedm
Střevlík,Les
Zlatohlávek,Květ
Rýhovník,Brouk
Chroust,Voda
Vrtule,Ovoce
Bekyně,Les
Bourec,Hedvábí
Martináč,Oko
Bělásek,Zelí
Žluťásek,Louka
Modrásek,Květ
Perleťovec,Louka
Babočka,Kopřiva
Otakárek,Ocas
Jasoň,Sníh
Okáč,Tráva
Lišaj,Noc
Tesařík,Dřevo
Mandelinka,Brambory
Lýkožrout,Smrk
Kůrovec,Kalamita
Červotoč,Nábytek
Tesařík,Vrtání
Vruboun,Kulička
Potápník,Vesla
Vírník,Kruhy
Vážka,Voda
Šídlo,Rychlost
Motýlice,Modrá
Šidélko,Tráva
Jepice,Den
Pošvatka,Potok
Chrostík,Schránka
Kobylka,Zelená
Saranče,Skok
Cvrček,Zpěv
Krtonožka,Hlína
Škvor,Nůžky
Rus,Kuchyň
Šváb,Přežití
Modlivka,Ruce
Všekaz,Dům
Piskoř,Pisknutí
Pijavice,Krev
Roup,Střevo
Škrkavka,Břicho
Vlasovec,Noha
Svalovec,Maso
Tasemnice,Hlavička
Motolice,Játra
Nezmar,Hydra
Medúza,Zvon
Korál,Útes
Sasanka,Chapadla
Houba,Voda
Spongie,Póry
Vločkovec,Buňky
Prvok,Mikroskop
Trepka,Brvy
Měňavka,Výběžky
Dírkonoš,Schránka
Mřížovec,Skelet
Pancířnatka,Voda
Krásnoočko,Bičík
Bičenka,Pohyb
Trypanosoma,Spánek
Vakovka,Prvok
Holoza,Moře
Salpa,Řetěz
Sumka,Dno
Kopinatěc,Písek
Červ,Půda
Žížala,Kroužky
Pijavka,Léčba
Nitěnka,Ryby
Chobotnice,Mozek
Sépie,Kost
Mušle,Písek
Perlorodka,Šperk
Ústřice,Gastronomie
Slávka,Lano
Srdcovka,Tvar
Hřebenatka,Shell
Zéva,Obří
Loděnka,Komory
Hlemýžď,Zahrada
Plž,Schránka
Mlž,Lastura
Hlavonožec,Tykadlo
Pavučina,Křižák
Sklípkan,Terárium
Štír,Ocas
Klíště,Les
Čmelák,Louka
Včela,Pyl
Mravenec,Les
Vosa,Ovoce
Sršeň,Hnízdo
Komár,Bzučení
Moucha,Okno
Otakárek,Louka
Babočka,Zahrada
Bělásek,Záhon
Modlásek,Tráva
Můra,Světlo
Lišaj,Smrtihlav
Bekyně,Mniška
Chroust,Květen
Roháč,Les
Mandelinka,Pruh
Kůrovec,Dřevo
Světluška,Lampička
Pravěk,Archeologie
Dinosaurus,Muzeum
Mamut,Zima
Trilobit,Kámen
Fénix,Oheň
Drak,Poklad
Jednorožec,Roh
Pegas,Nebe
Sfinga,Egypt
Siréna,Námořník
Kentaur,Les
Nymfa,Studánka
Satyr,Flétna
Troll,Most
Gnom,Země
Elf,Uši
Trpaslík,Důl
Obr,Hora
Víla,Les
Skřítek,Dům
Vodník,Hrneček
Bludička,Bažina
Polednice,Pole
Klekánice,Tma
Hejkadlo,Křik
Bezhlavý rytíř,Hlava
Bílá paní,Hrad
Upír,Česnek
Vlkodlak,Měsíc
Zombie,Apokalypsa
Mumie,Pyramida
Golem,Šém
Čarodějnice,Koště
Ježibaba,Perník
Čert,Peklo
Anděl,Křídla
Bůh,Blesk
Titán,Síla
Kyklop,Oko
Minotaurus,Labyrint
Medúza,Hadi
Hydra,Hlavy
Kerberos,Brána
Pegas,Pírko
Griffin,Zlato
Faun,Tanec
Dryáda,Strom
Najáda,Voda
Oreas,Skála
Múza,Inspirace
Sirena,Zpěv
Chiméra,Oheň
Geryon,Tři
Ladon,Zahrada
Scylla,Skála
Charybdis,Vír
Echidna,Matka
Ortros,Pes
Sfinx,Téby
Karybda,Moře
Skylla,Útes
Sphinx,Hádanka
Phoenix,Pták
